matched_pairs,treated_pre_mean,control_pre_mean,mean_pre_gap,mean_treated_units,mean_control_units
16406,0.30371002478767933,1.1336096550042667,-0.8298996302165873,21.83548701694502,26.454589784225284
